onscode,onsname,total_out_of_work_families,in_work_families_with_children_WTC_CTC,in_work_families_with_children_CTC_Only,in_work_families_which_lone_parents,in_work_families_no_children_WTC_Only,total_families,Children_in_out_of_work_families,Children_in_working_families_WTC_CTC,Children_in_working_families_CTC_Only,Av_annual_entitlement_out_of_work_families,Av_annual_entitlement_in_work_families_WTC_CTC,Av_annual_entitlement_in_work_families_CTC_Only,Av_annual_entitlement_in_work_families_with_children,Av_annual_entitlement_in_work_families_with_no_children,Av_annual_entitlement_in_work_families,Av_annual_entitlement_all_families,Lone_parents_benefiting_childcare_element,Couples_benefiting_childcare_element,Av_weekly_value_childcare_element,Families_benefiting_disabled_worker_element
E06000001,Hartlepool UA,2.8,3.0,1.1,2.1,1.1,8.0,5.5,5.4,2.3,6470,9076,3903,7671,2403,6600,6555,0.4,0.2,50.58,0.3
E06000002,Middlesbrough UA,5.1,5.4,1.6,3.4,1.9,14.0,10.1,10.4,3.3,6559,9615,3997,8339,2305,7069,6884,0.7,0.3,58.78,0.4
E06000003,Redcar and Cleveland UA,3.6,4.1,1.6,2.9,1.5,10.7,6.8,6.9,3.3,6292,8901,3950,7496,2216,6412,6372,0.6,0.2,58.47,0.4
E06000004,Stockton-on-Tees UA,4.6,5.7,2.3,4.0,1.8,14.4,8.9,10.3,4.8,6465,9146,3866,7609,2285,6622,6572,0.8,0.3,55.40,0.4
E06000005,Darlington UA,2.3,3.3,1.5,2.2,1.1,8.2,4.5,5.7,3.0,6360,8956,3769,7314,2279,6347,6351,0.5,0.3,52.89,0.3
E06000006,Halton UA,3.3,3.8,1.8,2.9,1.1,9.9,6.3,6.6,3.7,6505,9103,3876,7418,2194,6529,6521,0.7,0.3,56.76,0.3
E06000007,Warrington UA,2.9,5.1,2.7,3.8,1.5,12.2,5.4,8.9,5.5,6202,8915,3785,7134,2220,6355,6319,1.0,0.5,56.10,0.4
E06000008,Blackburn with Darwen UA,4.0,7.4,2.5,3.0,2.0,16.0,8.4,15.9,5.3,6658,9962,4239,8543,2648,7537,7315,0.7,0.5,61.76,0.5
E06000009,Blackpool UA,4.2,5.6,2.0,3.6,2.5,14.4,8.2,9.7,3.9,6451,8918,3709,7527,2452,6283,6333,1.0,0.6,47.93,0.5
E06000010,Kingston upon Hull UA,8.6,9.9,4.6,5.9,3.7,26.8,16.5,17.4,9.2,6273,8711,3780,7138,2072,6102,6157,1.0,0.7,47.53,0.5
E06000011,East Riding of Yorkshire UA,4.0,7.5,4.5,5.0,2.5,18.4,7.4,13.0,9.2,6056,8688,3677,6807,2277,6027,6033,1.1,0.8,41.18,0.5
E06000012,North East Lincolnshire UA,4.5,5.0,2.3,3.3,1.8,13.7,8.9,9.0,4.8,6494,8926,3868,7338,2149,6296,6361,0.6,0.3,45.27,0.3
E06000013,North Lincolnshire UA,3.3,4.8,2.5,3.1,1.3,11.9,6.4,8.8,5.2,6422,8899,3867,7197,2238,6452,6444,0.6,0.3,45.34,0.3
E06000014,York UA,2.0,4.1,2.3,3.0,1.1,9.5,3.7,7.0,4.6,6023,8633,3679,6872,2171,6174,6142,0.8,0.5,44.51,0.3
E06000015,Derby UA ,6.0,9.1,3.7,5.2,2.4,21.2,12.4,17.8,7.6,6756,9532,4047,7950,2358,7081,6989,1.2,0.6,55.52,0.6
E06000016,Leicester UA,9.6,16.2,5.8,6.6,4.3,35.8,19.8,33.2,11.9,6722,9599,3995,8128,2330,7187,7063,1.3,0.8,68.92,0.7
E06000017,Rutland UA ,0.3,0.6,0.5,0.4,0.2,1.5,0.6,1.0,1.1,6249,8948,3807,6528,2544,6036,6077,0.1,0.1,51.07,0.1
E06000018,Nottingham UA,9.6,12.2,3.9,7.5,4.0,29.7,19.3,22.8,7.8,6573,9532,4043,8205,2215,7001,6862,1.7,0.6,68.74,0.8
E06000019,Herefordshire UA,2.3,4.4,2.7,2.9,1.5,10.9,4.4,7.8,5.5,6189,8704,3715,6803,2383,6057,6085,0.6,0.6,40.35,0.3
E06000020,Telford and Wrekin UA,4.1,5.2,2.8,3.3,1.3,13.4,8.2,9.9,5.8,6706,9207,3994,7402,2345,6697,6699,0.8,0.6,50.57,0.4
E06000021,Stoke-on-Trent UA,7.0,9.5,4.1,5.1,2.6,23.3,14.3,18.4,8.4,6600,9362,3882,7704,2296,6828,6759,1.3,0.8,54.06,0.6
E06000022,Bath and North East Somerset UA,2.0,3.2,1.9,2.3,0.9,7.9,3.6,5.5,4.0,6205,8759,3758,6903,2502,6259,6245,0.4,0.3,47.29,0.3
E06000023,Bristol UA,9.6,11.0,5.1,7.5,3.0,28.7,19.4,20.7,10.6,6613,9310,3863,7579,2292,6746,6701,1.5,0.8,55.07,0.8
E06000024,North Somerset UA,2.8,4.5,2.6,3.4,1.2,11.1,5.4,7.9,5.4,6260,8754,3740,6941,2397,6288,6281,0.7,0.4,43.40,0.4
E06000025,South Gloucestershire UA,3.2,5.3,3.5,4.2,1.0,12.9,6.1,9.1,7.3,6323,8715,3737,6735,2485,6297,6304,0.9,0.5,44.68,0.4
E06000026,Plymouth UA,5.6,7.3,4.1,4.7,2.4,19.3,10.6,12.8,8.6,6547,8930,4053,7180,2305,6345,6403,1.0,0.7,45.29,0.8
E06000027,Torbay UA,2.9,4.3,2.2,2.7,1.7,11.1,5.4,7.7,4.4,6314,8882,3942,7234,2518,6255,6270,0.5,0.4,44.69,0.5
E06000028,Bournemouth UA,3.2,4.9,2.2,3.3,1.5,11.7,5.7,8.1,4.3,5932,8546,3644,7021,2459,6216,6139,0.7,0.4,45.87,0.5
E06000029,Poole UA,2.1,3.3,1.9,2.3,0.8,8.1,4.1,5.8,3.9,6285,8885,3738,6990,2560,6404,6373,0.5,0.3,44.69,0.4
E06000030,Swindon UA,3.8,5.3,3.5,3.7,1.1,13.7,7.3,9.4,7.4,6453,8778,3917,6846,2253,6335,6367,0.8,0.4,51.80,0.3
E06000031,Peterborough UA,4.9,8.8,3.5,5.0,2.1,19.4,10.1,16.7,7.3,6820,9337,4008,7811,2067,6956,6921,1.1,0.6,54.66,0.4
E06000032,Luton UA,5.5,9.4,3.5,4.1,1.5,19.9,11.3,20.5,7.8,6646,10084,4309,8525,2410,7871,7533,0.8,0.3,64.53,0.3
E06000033,Southend-on-Sea UA,3.8,5.1,1.9,3.4,1.3,12.2,7.2,9.2,4.1,6268,9110,3889,7670,2258,6806,6638,0.7,0.2,53.06,0.3
E06000034,Thurrock UA,3.9,4.8,2.3,3.4,0.7,11.7,7.8,8.7,4.9,6467,9147,3845,7441,2171,6938,6780,0.7,0.2,66.46,0.2
E06000035,Medway UA,6.2,7.4,3.9,5.1,1.6,19.0,12.0,13.2,8.2,6551,9073,3931,7301,2308,6681,6638,1.0,0.4,53.41,0.5
E06000036,Bracknell Forest UA,1.3,2.1,1.2,1.8,0.3,4.9,2.5,3.6,2.7,6448,8836,3865,6985,2261,6610,6567,0.4,0.1,57.96,0.1
E06000037,West Berkshire UA,1.6,2.4,1.5,2.0,0.4,6.0,3.1,4.4,3.3,6561,8964,4004,7047,2361,6642,6621,0.4,0.2,54.03,0.1
E06000038,Reading UA,3.1,4.1,1.9,2.8,0.7,9.7,6.1,7.7,3.9,6563,9231,3837,7532,2207,6987,6853,0.6,0.2,59.59,0.2
E06000039,Slough UA,3.2,5.6,2.5,2.9,0.8,12.1,6.5,11.8,5.3,6516,9712,3984,7973,2323,7449,7204,0.5,0.1,65.18,0.1
E06000040,Windsor and Maidenhead UA,1.3,2.2,1.1,1.6,0.4,4.9,2.4,4.0,2.3,6304,9082,3866,7327,2518,6820,6688,0.3,0.1,63.74,0.1
E06000041,Wokingham UA,1.2,1.8,1.1,1.5,0.3,4.4,2.3,3.3,2.5,6452,9047,4017,7123,2352,6662,6607,0.3,0.1,56.91,0.1
E06000042,Milton Keynes UA,5.0,8.1,3.6,5.8,1.2,17.9,10.2,15.9,7.6,6583,9605,3858,7845,2354,7351,7137,1.5,0.5,61.60,0.4
E06000043,Brighton and Hove UA,4.4,6.0,2.4,4.2,2.5,15.4,7.8,10.1,4.7,5944,8785,3746,7343,2629,6256,6166,0.9,0.5,48.46,0.7
E06000044,Portsmouth UA,4.5,6.1,2.6,4.0,1.4,14.6,8.6,11.1,5.4,6320,9121,3803,7508,2264,6782,6640,0.9,0.4,47.26,0.4
E06000045,Southampton UA,5.2,7.0,3.2,4.3,1.5,16.9,10.1,13.0,6.7,6446,9063,3850,7427,2234,6747,6655,0.8,0.4,50.96,0.5
E06000046,Isle of Wight UA,2.5,4.0,2.0,2.4,1.4,9.9,4.6,7.0,4.1,6157,8770,3991,7187,2499,6288,6255,0.5,0.3,36.37,0.4
E06000047,County Durham UA 3,11.6,14.0,6.8,10.0,5.3,37.8,21.8,23.9,13.6,6291,8797,3799,7157,2400,6187,6219,1.8,1.0,49.08,1.6
E06000049,Cheshire East UA 5,4.1,7.9,4.3,5.7,2.2,18.4,7.8,13.7,8.5,6359,8806,3641,6988,2352,6277,6295,1.4,0.9,49.30,0.6
E06000050,Cheshire West and Chester UA 6,4.8,7.7,4.1,5.6,2.4,19.0,9.1,13.3,8.4,6469,8835,3742,7061,2270,6264,6316,1.3,0.8,49.12,0.6
E06000051,Shropshire UA 7 ,3.7,6.4,4.3,4.2,2.3,16.7,7.0,11.4,9.0,6284,8764,3787,6763,2471,6014,6073,0.9,0.9,41.08,0.6
E06000052,Cornwall UA 10,9.1,15.6,8.9,8.8,6.1,39.7,16.9,28.0,18.5,6212,8895,3873,7063,2550,6159,6171,1.6,1.7,41.82,1.5
E06000053,Isles of Scilly UA 11,0.0,0.0,0.0,0.0,0.0,0.1,0.0,0.1,0.1,4464,8476,3309,5897,2624,5520,5462,0.0,0.0,51.80,0.0
E06000054,Wiltshire UA 12,5.7,9.2,6.6,6.8,2.1,23.6,10.8,16.4,14.2,6431,8861,3803,6745,2427,6249,6293,1.5,1.0,48.85,0.7
E06000055,Bedford UA 8,3.0,4.7,2.3,3.0,0.8,10.9,5.8,9.0,4.8,6375,9225,3842,7462,2127,6905,6758,0.7,0.3,54.11,0.2
E06000056,Central Bedfordshire UA 9,3.5,5.1,3.3,4.2,0.9,12.8,6.9,9.0,7.0,6505,8826,3848,6892,2225,6444,6461,1.0,0.4,49.28,0.3
E06000057,Northumberland UA 4,5.4,7.5,4.0,5.2,2.9,19.8,10.1,12.9,8.2,6337,8735,3772,6991,2325,6042,6122,0.9,0.6,47.20,0.7
E07000004,Aylesbury Vale,2.0,3.6,2.0,2.5,0.7,8.4,4.0,7.0,4.4,6499,9326,3978,7400,2406,6858,6770,0.5,0.3,56.40,0.2
E07000005,Chiltern,0.8,1.3,0.6,0.9,0.2,2.9,1.5,2.3,1.3,6167,8925,3744,7191,2657,6693,6553,0.2,0.1,58.15,0.1
E07000006,South Bucks,0.7,0.8,0.4,0.6,0.2,2.0,1.2,1.5,0.8,6118,9143,3836,7391,2524,6815,6587,0.1,0.0,66.18,0.0
E07000007,Wycombe,2.1,3.7,1.6,2.2,0.7,8.1,4.1,7.2,3.6,6552,9442,4065,7781,2498,7168,7010,0.4,0.2,59.34,0.1
E07000008,Cambridge,1.5,2.0,0.9,1.3,0.4,4.8,2.8,3.6,1.8,6295,8922,3956,7413,2214,6738,6602,0.3,0.1,55.03,0.1
E07000009,East Cambridgeshire,0.9,1.4,1.1,1.0,0.3,3.7,1.7,2.6,2.3,6320,8744,3639,6532,2597,6104,6155,0.2,0.1,44.46,0.1
E07000010,Fenland,2.0,2.8,1.6,1.8,0.8,7.3,3.9,4.9,3.3,6675,8595,3825,6867,2217,6128,6278,0.3,0.2,45.23,0.2
E07000011,Huntingdonshire,2.1,3.2,2.3,2.5,0.7,8.3,4.1,5.7,4.8,6649,8805,3978,6804,2263,6319,6403,0.6,0.3,49.02,0.2
E07000012,South Cambridgeshire,1.3,2.0,1.5,1.6,0.4,5.1,2.7,3.4,3.1,6644,8661,3715,6540,2436,6151,6281,0.3,0.2,44.98,0.1
E07000026,Allerdale,1.4,2.3,1.2,1.6,1.0,6.0,2.5,4.0,2.5,5844,8622,3720,6948,2555,5993,5958,0.3,0.2,40.23,0.3
E07000027,Barrow-in-Furness,1.4,1.9,0.9,1.3,0.6,4.9,2.6,3.2,1.8,6117,8599,3756,7041,2345,6157,6146,0.2,0.2,39.27,0.2
E07000028,Carlisle,1.6,2.9,1.6,2.0,1.0,7.0,3.0,5.0,3.4,6008,8684,3708,6894,2296,6084,6066,0.4,0.3,39.69,0.3
E07000029,Copeland,1.1,1.4,0.6,1.0,0.5,3.7,2.0,2.5,1.3,6120,8733,3731,7196,2397,6238,6203,0.2,0.1,39.06,0.1
E07000030,Eden,0.4,1.1,0.8,0.7,0.5,2.8,0.7,2.0,1.6,6055,8719,3716,6651,2661,5818,5850,0.1,0.1,40.45,0.1
E07000031,South Lakeland,0.7,2.0,1.3,1.3,0.7,4.7,1.2,3.4,2.7,5855,8542,3545,6527,2458,5784,5795,0.3,0.3,38.35,0.2
E07000032,Amber Valley,1.8,2.7,1.8,1.9,0.9,7.3,3.5,4.7,3.7,6524,8668,3897,6773,2293,6030,6155,0.4,0.3,47.48,0.2
E07000033,Bolsover,1.6,2.2,1.3,1.3,0.8,5.9,3.2,3.8,2.6,6509,8636,3719,6815,2294,5960,6112,0.2,0.2,46.03,0.2
E07000034,Chesterfield,2.1,2.8,1.6,1.8,1.0,7.5,4.0,4.9,3.2,6298,8685,3860,6957,2435,6121,6170,0.4,0.3,49.52,0.4
E07000035,Derbyshire Dales,0.6,1.3,0.8,0.8,0.4,3.1,1.1,2.3,1.7,6152,8631,3757,6785,2462,6030,6054,0.1,0.1,38.72,0.1
E07000036,Erewash,2.0,2.8,1.7,2.0,0.8,7.4,3.8,4.9,3.3,6365,8741,3617,6837,2179,6115,6184,0.5,0.3,55.62,0.2
E07000037,High Peak,1.2,2.0,1.3,1.5,0.6,5.1,2.2,3.6,2.6,6181,8763,3708,6824,2302,6155,6161,0.4,0.3,46.32,0.2
E07000038,North East Derbyshire,1.4,2.2,1.3,1.4,0.8,5.7,2.7,3.7,2.7,6201,8517,3663,6672,2309,5900,5976,0.3,0.2,44.18,0.2
E07000039,South Derbyshire,1.2,2.2,1.4,1.6,0.6,5.4,2.5,3.9,3.0,6664,8886,3768,6899,2428,6280,6369,0.4,0.2,52.40,0.2
E07000040,East Devon,1.4,2.9,1.9,1.8,1.0,7.2,2.6,5.3,3.9,6183,8913,3749,6879,2430,6141,6150,0.4,0.3,44.83,0.2
E07000041,Exeter,1.6,2.8,1.6,2.0,0.8,6.8,3.0,4.9,3.3,6394,8865,3840,7016,2287,6271,6299,0.5,0.3,48.13,0.3
E07000042,Mid Devon,1.0,1.9,1.4,1.2,0.7,5.0,1.9,3.5,3.0,6425,8927,4025,6883,2566,6123,6182,0.2,0.2,40.83,0.2
E07000043,North Devon,1.3,2.7,1.7,1.6,1.1,6.8,2.4,4.9,3.4,6354,8928,3833,6985,2525,6092,6142,0.3,0.4,38.55,0.3
E07000044,South Hams,0.8,2.0,1.1,1.2,0.9,4.8,1.6,3.4,2.2,6316,8741,3844,6986,2715,6028,6079,0.2,0.2,41.62,0.2
E07000045,Teignbridge,1.6,3.2,1.9,2.1,1.2,7.8,3.0,5.6,3.9,6258,8829,3892,6997,2514,6159,6179,0.4,0.3,40.90,0.3
E07000046,Torridge,0.9,1.9,1.2,0.9,0.9,4.9,1.8,3.4,2.4,6428,8994,3893,7023,2695,6033,6108,0.1,0.2,40.40,0.2
E07000047,West Devon,0.6,1.2,0.8,0.7,0.5,3.2,1.1,2.3,1.7,6240,9081,3801,7026,2629,6108,6133,0.1,0.1,36.83,0.1
E07000048,Christchurch,0.6,1.0,0.6,0.7,0.3,2.4,1.1,1.7,1.2,6026,8755,3568,6876,2442,6206,6162,0.1,0.1,40.55,0.1
E07000049,East Dorset,0.8,1.4,0.8,1.0,0.4,3.4,1.4,2.5,1.8,6062,8925,3810,6985,2653,6328,6267,0.2,0.1,45.26,0.2
E07000050,North Dorset,0.8,1.4,1.0,0.9,0.4,3.4,1.5,2.4,2.0,6627,8770,3866,6749,2789,6229,6318,0.2,0.1,44.11,0.2
E07000051,Purbeck,0.5,0.9,0.7,0.7,0.3,2.4,1.0,1.7,1.5,6413,8636,3985,6712,2671,6165,6219,0.1,0.1,38.56,0.1
E07000052,West Dorset,1.0,2.1,1.3,1.4,0.7,5.1,2.0,3.8,2.8,6517,8789,3934,6941,2637,6227,6286,0.2,0.2,38.55,0.2
E07000053,Weymouth and Portland,1.2,1.9,1.0,1.3,0.6,4.7,2.3,3.3,2.0,6372,8855,4033,7184,2593,6432,6416,0.2,0.2,39.46,0.2
E07000061,Eastbourne,2.0,2.9,1.4,1.9,0.8,7.2,3.8,5.1,3.0,6179,8877,4037,7289,2248,6504,6412,0.4,0.3,44.11,0.2
E07000062,Hastings,2.6,3.1,1.3,2.0,1.1,8.1,5.0,5.5,2.7,6386,8947,3869,7409,2334,6431,6416,0.4,0.2,45.11,0.2
E07000063,Lewes,1.4,2.2,1.2,1.5,0.6,5.4,2.5,4.0,2.5,6196,8874,3882,7132,2513,6440,6378,0.3,0.2,44.79,0.2
E07000064,Rother,1.4,2.0,1.0,1.3,0.6,5.0,2.6,3.6,2.1,6430,8804,3890,7189,2486,6404,6411,0.2,0.2,43.14,0.1
E07000065,Wealden,1.6,2.7,1.7,1.8,0.7,6.7,3.0,4.8,3.7,6149,8812,3941,6898,2421,6249,6226,0.3,0.2,44.22,0.2
E07000066,Basildon,4.1,4.4,2.3,3.2,0.9,11.7,8.1,8.0,4.9,6616,9029,4005,7322,2218,6712,6678,0.6,0.2,56.04,0.3
E07000067,Braintree,2.1,3.1,2.1,2.2,0.6,7.9,4.0,5.5,4.4,6397,8899,3840,6862,2218,6341,6356,0.4,0.2,48.89,0.2
E07000068,Brentwood,0.8,1.2,0.5,0.9,0.2,2.7,1.5,2.0,1.0,6038,8698,3561,7137,2366,6530,6387,0.2,0.1,58.47,0.1
E07000069,Castle Point,1.4,1.9,0.9,1.4,0.4,4.6,2.5,3.3,1.9,6060,8741,3816,7166,2284,6518,6383,0.3,0.1,48.10,0.1
E07000070,Chelmsford,2.1,2.9,1.6,2.3,0.6,7.2,4.0,5.2,3.2,6226,8799,3669,7029,2417,6477,6403,0.5,0.2,49.80,0.2
E07000071,Colchester,3.0,4.1,2.3,3.0,0.9,10.3,5.7,7.3,4.7,6387,8918,3796,7105,2241,6498,6466,0.6,0.3,53.84,0.3
E07000072,Epping Forest,1.9,2.4,1.2,1.9,0.5,5.9,3.4,4.2,2.4,5853,8843,3815,7214,2359,6664,6404,0.4,0.1,61.45,0.1
E07000073,Harlow,2.0,2.7,1.4,2.0,0.5,6.6,3.9,4.9,3.0,6308,8947,3816,7169,2102,6671,6561,0.4,0.1,55.26,0.1
E07000074,Maldon,0.8,1.1,0.7,0.7,0.2,2.8,1.4,2.0,1.4,6260,8737,3932,6959,2382,6419,6375,0.1,0.1,43.58,0.1
E07000075,Rochford,0.9,1.5,0.8,1.1,0.3,3.5,1.7,2.6,1.6,6143,8850,3583,7062,2469,6453,6374,0.2,0.1,47.51,0.1
E07000076,Tendring,3.2,3.8,1.7,2.4,1.0,9.8,6.3,7.0,3.7,6601,9164,4046,7556,2421,6756,6704,0.4,0.2,45.41,0.3
E07000077,Uttlesford,0.7,1.3,0.8,1.0,0.2,3.0,1.3,2.2,1.6,6175,8692,3581,6737,2466,6283,6258,0.2,0.1,51.06,0.1
E07000078,Cheltenham,1.5,2.3,1.2,1.6,0.6,5.6,2.8,4.1,2.4,6307,8797,3711,7068,2430,6378,6359,0.3,0.2,52.07,0.2
E07000079,Cotswold,0.7,1.3,0.9,1.0,0.3,3.2,1.3,2.3,1.9,6282,8658,3877,6751,2495,6208,6224,0.2,0.1,43.86,0.1
E07000080,Forest of Dean,1.1,1.9,1.3,1.2,0.6,4.9,2.1,3.3,2.7,6091,8794,3790,6776,2435,6066,6072,0.2,0.2,43.38,0.1
E07000081,Gloucester,2.4,3.8,2.1,2.7,0.8,9.1,4.9,7.0,4.5,6549,9030,3797,7162,2109,6589,6579,0.6,0.4,48.70,0.2
E07000082,Stroud,1.2,2.1,1.5,1.6,0.6,5.4,2.3,3.8,3.1,6232,8677,3810,6691,2489,6076,6111,0.3,0.2,39.70,0.1
E07000083,Tewkesbury,1.0,1.7,1.1,1.3,0.4,4.2,2.0,3.0,2.3,6366,8699,3633,6735,2299,6182,6226,0.3,0.2,45.89,0.1
E07000084,Basingstoke and Deane,2.1,3.1,1.9,2.5,0.5,7.6,4.1,5.5,4.1,6616,8970,3868,7005,2375,6563,6577,0.6,0.2,53.98,0.2
E07000085,East Hampshire,1.1,1.8,1.1,1.3,0.4,4.3,2.0,3.2,2.4,6253,8849,3861,6925,2526,6432,6388,0.2,0.1,48.17,0.1
E07000086,Eastleigh,1.3,2.5,1.5,1.9,0.5,5.8,2.5,4.3,3.2,6372,8757,3728,6846,2421,6347,6353,0.4,0.2,47.80,0.2
E07000087,Fareham,0.9,1.8,1.1,1.5,0.4,4.2,1.7,3.2,2.5,5994,8793,3814,6868,2343,6383,6297,0.3,0.2,49.24,0.1
E07000088,Gosport,1.5,2.2,1.3,1.6,0.5,5.5,2.8,4.0,2.9,6433,9033,3986,7149,2179,6519,6496,0.4,0.2,49.41,0.2
E07000089,Hart,0.7,1.1,0.8,1.0,0.2,2.8,1.2,2.0,1.6,6032,8881,3640,6780,2661,6323,6254,0.2,0.1,54.13,0.1
E07000090,Havant,2.3,2.9,1.6,2.0,0.7,7.5,4.5,5.3,3.5,6626,9110,3961,7298,2306,6594,6604,0.4,0.2,45.98,0.2
E07000091,New Forest,1.9,3.1,1.9,2.3,0.7,7.6,3.6,5.5,3.9,6250,8807,3814,6941,2579,6375,6344,0.4,0.2,46.36,0.3
E07000092,Rushmoor,1.4,1.9,1.3,1.5,0.3,4.9,2.6,3.4,2.9,6245,8929,3687,6769,2339,6404,6359,0.3,0.1,59.89,0.1
E07000093,Test Valley,1.2,2.0,1.4,1.6,0.4,5.1,2.4,3.6,3.0,6432,8760,3774,6746,2433,6294,6328,0.3,0.2,55.11,0.2
E07000094,Winchester,0.9,1.6,1.0,1.1,0.4,3.9,1.8,2.9,2.1,6428,8924,3945,7024,2663,6398,6405,0.2,0.1,50.12,0.2
E07000095,Broxbourne,1.9,2.5,1.2,1.8,0.4,6.0,3.5,4.3,2.4,6305,8759,3652,7118,2276,6603,6511,0.4,0.1,61.36,0.1
E07000096,Dacorum,2.1,2.9,1.5,2.1,0.6,7.0,4.1,5.2,3.1,6360,8971,3921,7265,2427,6707,6604,0.5,0.2,56.69,0.2
E07000098,Hertsmere,1.5,2.1,0.9,1.6,0.4,4.9,2.7,3.8,1.8,6078,9125,3610,7502,2338,6918,6663,0.4,0.1,62.19,0.1
E07000099,North Hertfordshire,1.6,2.4,1.4,1.9,0.5,5.9,3.1,4.2,2.9,6559,8797,3885,7032,2453,6512,6525,0.3,0.1,53.96,0.2
E07000102,Three Rivers,1.1,1.5,0.8,1.1,0.2,3.6,2.0,2.6,1.6,6195,8755,3622,7013,2285,6552,6445,0.2,0.1,62.71,0.1
E07000103,Watford,1.5,2.6,1.1,1.5,0.5,5.7,2.9,4.8,2.3,6139,9114,3662,7436,2463,6890,6691,0.3,0.1,63.58,0.1
E07000105,Ashford,2.2,3.0,1.7,2.0,0.6,7.6,4.4,5.5,3.5,6538,9016,3785,7146,2371,6571,6561,0.5,0.3,49.20,0.2
E07000106,Canterbury,2.3,3.2,1.6,2.1,0.9,7.9,4.4,5.7,3.4,6551,8967,4007,7324,2483,6586,6576,0.4,0.3,41.87,0.2
E07000107,Dartford,1.8,2.4,1.3,1.8,0.5,5.9,3.3,4.3,2.6,6342,9130,3883,7345,2219,6776,6645,0.4,0.1,66.66,0.1
E07000108,Dover,2.2,3.1,1.5,2.0,0.9,7.6,4.3,5.5,3.0,6483,8935,3825,7275,2380,6485,6485,0.3,0.2,39.66,0.2
E07000109,Gravesham,2.2,2.9,1.4,1.9,0.6,7.0,4.3,5.2,2.9,6663,9104,3941,7452,2333,6812,6765,0.3,0.1,63.08,0.2
E07000110,Maidstone,2.4,3.3,1.8,2.3,0.8,8.3,4.7,5.9,3.7,6366,8932,3760,7110,2479,6510,6468,0.5,0.2,55.44,0.2
E07000111,Sevenoaks,1.5,1.9,1.0,1.4,0.4,4.7,2.8,3.4,2.0,6515,8963,3912,7281,2512,6732,6664,0.2,0.1,55.46,0.1
E07000112,Shepway,2.2,2.8,1.3,1.8,0.8,7.2,4.4,5.0,2.7,6654,9076,4006,7442,2414,6608,6622,0.4,0.2,44.37,0.2
E07000113,Swale,3.4,3.7,2.0,2.5,0.9,10.0,6.6,6.8,4.2,6846,9167,4141,7441,2317,6718,6761,0.5,0.2,49.84,0.3
E07000114,Thanet,3.5,5.1,2.0,3.1,1.6,12.1,6.8,9.1,4.0,6553,9105,3900,7642,2418,6691,6651,0.6,0.4,45.38,0.4
E07000115,Tonbridge and Malling,1.7,2.3,1.3,1.8,0.5,5.8,3.3,4.1,2.8,6549,8882,4001,7099,2417,6576,6568,0.3,0.1,51.71,0.2
E07000116,Tunbridge Wells,1.3,2.0,1.0,1.4,0.5,4.8,2.5,3.6,2.1,6376,8887,3924,7212,2563,6543,6499,0.3,0.1,49.26,0.2
E07000117,Burnley,2.3,3.9,1.2,2.1,1.1,8.5,4.6,7.5,2.4,6554,9664,3759,8254,2433,7212,7032,0.7,0.4,60.50,0.3
E07000118,Chorley,1.4,2.7,1.5,1.9,0.8,6.3,2.6,4.7,2.9,6175,8981,3569,7053,2429,6287,6263,0.6,0.4,51.46,0.2
E07000119,Fylde,0.8,1.7,0.8,1.2,0.6,4.0,1.5,2.9,1.7,6208,8731,3745,7090,2441,6180,6186,0.3,0.3,49.31,0.2
E07000120,Hyndburn,1.9,3.5,1.2,1.9,1.0,7.6,3.8,7.0,2.5,6581,9925,4001,8378,2537,7352,7159,0.5,0.4,62.76,0.3
E07000121,Lancaster,2.3,3.6,2.0,2.5,1.3,9.2,4.4,6.5,4.1,6516,8971,3855,7155,2324,6266,6328,0.6,0.4,44.40,0.3
E07000122,Pendle,1.9,4.2,1.4,1.8,1.2,8.7,3.8,9.1,3.0,6668,10124,4208,8634,2553,7563,7372,0.5,0.4,53.94,0.2
E07000123,Preston,3.0,4.9,2.0,2.7,1.4,11.4,6.0,9.5,4.1,6400,9432,4035,7878,2336,6923,6784,0.8,0.5,58.05,0.4
E07000124,Ribble Valley,0.4,1.1,0.7,0.8,0.4,2.5,0.6,1.9,1.4,5771,8728,3544,6745,2552,6001,5968,0.2,0.2,50.24,0.1
E07000125,Rossendale,1.3,2.3,1.0,1.4,0.7,5.4,2.6,4.2,2.1,6302,9198,3865,7552,2346,6642,6557,0.4,0.3,54.25,0.2
E07000126,South Ribble,1.4,2.7,1.5,2.1,0.8,6.4,2.6,4.7,3.0,6278,8943,3649,7058,2488,6334,6322,0.7,0.4,52.38,0.3
E07000127,West Lancashire,1.7,2.8,1.5,2.0,0.9,6.9,3.3,4.8,3.1,6601,8828,3898,7105,2323,6230,6321,0.4,0.3,49.81,0.3
E07000128,Wyre,1.6,2.7,1.3,1.9,1.0,6.7,3.0,4.8,2.5,6278,8938,3621,7208,2336,6214,6229,0.5,0.4,43.51,0.3
E07000129,Blaby,1.0,2.1,1.4,1.6,0.5,4.9,1.8,3.6,3.0,6226,8745,3755,6719,2230,6192,6199,0.4,0.3,50.07,0.1
E07000130,Charnwood,2.1,3.7,2.2,2.5,1.0,9.0,4.1,6.6,4.6,6454,8984,3872,7057,2234,6368,6389,0.6,0.4,50.28,0.3
E07000131,Harborough,0.7,1.4,1.0,1.1,0.3,3.4,1.3,2.4,2.0,6150,8741,3644,6640,2218,6084,6097,0.2,0.2,48.63,0.1
E07000132,Hinckley and Bosworth,1.3,2.3,1.5,1.7,0.6,5.6,2.4,4.0,3.0,6372,8794,3782,6837,2249,6192,6232,0.4,0.3,49.82,0.2
E07000133,Melton,0.5,1.0,0.7,0.8,0.3,2.5,1.1,1.8,1.4,6783,8656,3696,6651,2059,6012,6177,0.2,0.1,43.72,0.1
E07000134,North West Leicestershire,1.3,2.0,1.4,1.4,0.6,5.2,2.6,3.6,2.9,6648,8869,3848,6828,2276,6156,6277,0.3,0.2,49.52,0.2
E07000135,Oadby and Wigston,0.7,1.4,0.8,0.9,0.4,3.2,1.3,2.4,1.7,6462,8998,3650,6966,2319,6305,6338,0.2,0.2,52.57,0.1
E07000136,Boston,1.2,2.8,1.3,1.7,0.9,6.2,2.3,4.8,2.6,6391,8393,3563,6837,2013,5997,6073,0.3,0.2,45.57,0.2
E07000137,East Lindsey,2.7,3.8,1.9,2.1,1.7,10.2,5.3,6.9,3.8,6647,8979,3947,7338,2535,6214,6330,0.4,0.4,43.73,0.4
E07000138,Lincoln,2.1,3.1,1.5,1.9,0.9,7.7,4.1,5.5,3.0,6671,8915,3878,7270,2112,6394,6472,0.4,0.3,48.89,0.2
E07000139,North Kesteven,1.2,2.3,1.6,1.7,0.6,5.7,2.3,4.0,3.4,6536,8859,3909,6796,2483,6193,6263,0.4,0.3,46.74,0.2
E07000140,South Holland,1.3,2.5,1.5,1.5,0.9,6.2,2.6,4.4,3.1,6468,8699,3744,6816,2222,5987,6088,0.3,0.2,48.72,0.1
E07000141,South Kesteven,1.9,3.4,2.1,2.4,0.9,8.3,3.6,6.0,4.3,6450,8912,3766,6957,2196,6294,6330,0.6,0.4,46.71,0.2
E07000142,West Lindsey,1.6,2.1,1.2,1.3,0.7,5.5,3.2,3.7,2.6,6786,9006,3985,7158,2554,6389,6504,0.3,0.2,44.42,0.2
E07000143,Breckland,1.8,3.2,2.3,2.0,0.9,8.2,3.5,5.7,5.0,6469,8793,3877,6717,2354,6135,6208,0.4,0.3,45.83,0.2
E07000144,Broadland,1.1,2.5,1.8,1.7,0.6,6.1,2.1,4.3,3.7,6024,8562,3689,6526,2354,5981,5989,0.3,0.2,41.31,0.2
E07000145,Great Yarmouth,2.5,3.2,1.5,2.0,1.1,8.5,4.9,5.6,3.1,6674,8750,3915,7188,2239,6227,6362,0.3,0.2,38.46,0.2
E07000146,King’s Lynn and West Norfolk,2.4,3.9,2.4,2.5,1.1,9.8,4.6,6.8,5.0,6581,8651,3921,6864,2357,6167,6269,0.4,0.3,43.69,0.3
E07000147,North Norfolk,1.2,2.3,1.4,1.3,0.8,5.8,2.3,4.2,3.0,6350,8730,3980,6933,2550,6169,6207,0.2,0.2,35.73,0.2
E07000148,Norwich,3.2,4.1,2.0,2.3,1.3,10.5,6.2,7.3,4.0,6590,8801,3961,7219,2244,6359,6429,0.4,0.2,45.96,0.3
E07000149,South Norfolk,1.4,2.5,1.8,1.7,0.7,6.3,2.6,4.4,3.7,6450,8777,3671,6637,2362,6049,6136,0.3,0.3,43.63,0.2
E07000150,Corby,1.5,2.6,1.3,1.9,0.6,5.9,3.0,4.5,2.6,6414,8949,3787,7246,2018,6571,6530,0.4,0.2,58.41,0.1
E07000151,Daventry,0.9,1.6,1.0,1.2,0.4,3.8,1.8,2.8,2.1,6657,8916,3822,6963,2238,6360,6428,0.3,0.2,50.33,0.1
E07000152,East Northamptonshire,1.1,1.9,1.2,1.4,0.4,4.7,2.2,3.4,2.7,6500,9042,3922,7043,2257,6482,6486,0.4,0.2,51.29,0.1
E07000153,Kettering,1.7,2.7,1.6,1.9,0.5,6.5,3.3,4.9,3.5,6507,8964,3948,7077,2220,6562,6548,0.4,0.3,56.37,0.2
E07000154,Northampton,4.4,7.4,3.6,5.1,1.5,16.9,8.9,13.5,7.5,6650,9202,3839,7436,2113,6786,6751,1.4,0.6,56.81,0.4
E07000155,South Northamptonshire,0.6,1.3,1.0,1.1,0.3,3.2,1.1,2.4,2.1,6151,8772,3868,6724,2347,6256,6236,0.2,0.1,47.82,0.1
E07000156,Wellingborough,1.5,2.4,1.4,1.6,0.6,5.9,3.1,4.4,2.9,6755,9081,3877,7202,2085,6534,6591,0.4,0.2,55.36,0.2
E07000163,Craven,0.4,1.1,0.7,0.7,0.4,2.6,0.8,2.0,1.4,6021,8751,3700,6853,2512,6019,6019,0.2,0.2,45.34,0.1
E07000164,Hambleton,0.7,1.7,1.1,1.2,0.5,4.0,1.4,2.9,2.3,6264,8704,3735,6737,2568,6055,6094,0.3,0.3,47.90,0.1
E07000165,Harrogate,1.2,2.9,1.8,2.2,0.9,6.8,2.1,5.0,3.6,6040,8722,3593,6774,2283,6067,6063,0.5,0.4,46.70,0.2
E07000166,Richmondshire,0.5,1.0,0.8,0.7,0.3,2.6,0.9,1.7,1.8,5996,8656,3748,6466,2520,5891,5910,0.2,0.1,51.26,0.1
E07000167,Ryedale,0.5,1.1,0.7,0.6,0.4,2.7,1.0,2.0,1.5,6383,8916,3509,6738,2471,6023,6091,0.1,0.1,43.74,0.1
E07000168,Scarborough,1.9,3.3,1.5,2.0,1.4,8.0,3.5,5.8,3.1,6276,8914,3785,7294,2363,6172,6196,0.5,0.4,42.89,0.3
E07000169,Selby,1.0,1.8,1.1,1.3,0.5,4.3,1.8,3.1,2.2,6136,8673,3595,6741,2177,6130,6131,0.3,0.2,43.25,0.1
E07000170,Ashfield,2.8,3.6,2.0,2.3,1.2,9.6,5.5,6.3,4.1,6643,9003,3999,7205,2315,6315,6412,0.5,0.3,53.98,0.4
E07000171,Bassetlaw,1.9,3.1,1.7,2.0,1.0,7.7,3.7,5.4,3.5,6476,8776,3881,7003,2218,6197,6267,0.4,0.2,47.03,0.3
E07000172,Broxtowe,1.5,2.3,1.4,1.7,0.8,6.1,2.8,4.1,2.8,6195,8928,3623,6968,2288,6122,6140,0.4,0.2,51.84,0.3
E07000173,Gedling,1.7,3.0,1.7,2.2,0.9,7.3,3.2,5.1,3.4,6348,8934,3845,7097,2278,6326,6331,0.6,0.3,50.58,0.3
E07000174,Mansfield,2.4,3.3,1.7,2.1,1.3,8.8,4.6,5.8,3.5,6389,8760,3778,7050,2206,6052,6144,0.5,0.3,53.44,0.3
E07000175,Newark and Sherwood,1.9,2.9,1.8,1.9,0.8,7.3,3.6,5.1,3.7,6673,8862,3964,6996,2283,6290,6388,0.4,0.3,44.86,0.3
E07000176,Rushcliffe,0.9,1.8,1.0,1.4,0.5,4.2,1.6,3.1,2.0,6157,8774,3661,6975,2529,6269,6246,0.4,0.2,50.18,0.2
E07000177,Cherwell,1.7,2.8,1.9,2.2,0.5,7.0,3.4,5.1,4.3,6359,8941,3939,6898,2449,6447,6425,0.5,0.3,52.04,0.2
E07000178,Oxford,2.4,2.9,1.3,2.0,0.5,7.1,4.8,5.5,2.9,6615,9308,4015,7664,2489,7136,6960,0.4,0.2,54.23,0.2
E07000179,South Oxfordshire,1.2,1.7,1.2,1.4,0.3,4.5,2.3,3.1,2.6,6242,8747,3753,6702,2455,6256,6252,0.3,0.1,49.68,0.1
E07000180,Vale of White Horse,1.2,1.8,1.3,1.4,0.4,4.6,2.2,3.2,3.0,6462,8857,3894,6732,2344,6281,6327,0.3,0.2,54.21,0.1
E07000181,West Oxfordshire,1.0,1.6,1.2,1.3,0.4,4.1,1.8,2.8,2.7,6266,8774,3929,6700,2520,6234,6242,0.3,0.1,49.72,0.1
E07000187,Mendip,1.5,2.6,1.7,1.7,1.0,6.8,2.8,4.5,3.6,6160,8851,3801,6838,2628,6047,6072,0.3,0.3,42.11,0.3
E07000188,Sedgemoor,2.0,3.1,1.9,2.0,0.9,7.9,3.8,5.6,4.1,6392,8913,3980,7018,2508,6324,6341,0.4,0.3,38.97,0.3
E07000189,South Somerset,2.2,3.6,2.6,2.5,1.1,9.6,4.3,6.5,5.7,6414,8884,3872,6787,2567,6159,6218,0.5,0.4,44.39,0.4
E07000190,Taunton Deane,1.5,2.8,1.7,2.0,0.8,6.8,2.8,4.9,3.7,6269,8782,3788,6862,2426,6184,6202,0.4,0.3,41.76,0.3
E07000191,West Somerset,0.5,0.9,0.5,0.5,0.5,2.4,0.8,1.7,1.0,6099,8950,4047,7235,2257,5833,5884,0.1,0.1,36.46,0.1
E07000192,Cannock Chase,1.8,2.6,1.6,1.8,0.7,6.6,3.4,4.4,3.2,6475,8647,3853,6841,2314,6191,6267,0.4,0.2,46.53,0.2
E07000193,East Staffordshire,1.7,3.4,1.8,1.9,0.9,7.9,3.3,6.6,3.9,6350,9313,4065,7456,2389,6686,6614,0.4,0.3,55.67,0.2
E07000194,Lichfield,1.2,1.9,1.1,1.4,0.5,4.6,2.2,3.3,2.2,6321,8634,3779,6855,2307,6213,6240,0.3,0.2,46.99,0.1
E07000195,Newcastle-under-Lyme,1.8,3.0,1.8,2.1,0.9,7.5,3.4,5.3,3.6,6161,8875,3801,6978,2200,6245,6225,0.6,0.4,51.75,0.2
E07000196,South Staffordshire,1.2,1.9,1.2,1.4,0.6,4.9,2.2,3.3,2.5,5971,8589,3840,6764,2411,6090,6061,0.3,0.2,44.86,0.1
E07000197,Stafford,1.4,2.5,1.5,1.9,0.7,6.1,2.7,4.3,3.1,6354,8766,3659,6820,2337,6175,6217,0.5,0.4,47.54,0.3
E07000198,Staffordshire Moorlands,1.0,2.0,1.3,1.3,0.7,5.1,2.0,3.5,2.8,6192,8774,3710,6732,2599,5966,6012,0.3,0.3,44.69,0.2
E07000199,Tamworth,1.5,2.1,1.3,1.6,0.5,5.5,3.0,3.6,2.9,6663,8768,4019,6924,2130,6285,6389,0.4,0.2,48.17,0.1
E07000200,Babergh,1.0,1.8,1.1,1.2,0.4,4.3,1.9,3.2,2.4,6421,8850,3722,6852,2361,6272,6306,0.2,0.1,39.36,0.1
E07000201,Forest Heath,0.8,1.3,0.8,1.0,0.3,3.3,1.5,2.3,1.8,6297,8602,3741,6731,2215,6189,6214,0.2,0.1,50.86,0.1
E07000202,Ipswich,3.0,4.5,2.3,2.8,1.1,10.9,5.9,8.2,4.9,6523,9038,3905,7267,2255,6578,6563,0.5,0.3,45.71,0.3
E07000203,Mid Suffolk,0.9,1.7,1.3,1.2,0.4,4.4,1.9,3.0,2.9,6588,8788,3827,6596,2461,6105,6209,0.2,0.2,43.91,0.1
E07000204,St Edmundsbury,1.3,2.1,1.6,1.6,0.5,5.5,2.4,3.6,3.4,6366,8733,3869,6635,2297,6119,6176,0.3,0.2,45.38,0.2
E07000205,Suffolk Coastal,1.3,2.2,1.5,1.6,0.6,5.6,2.4,3.9,3.3,6259,8825,3823,6795,2539,6211,6222,0.3,0.2,47.01,0.2
E07000206,Waveney,2.4,3.0,1.8,1.8,0.9,8.0,4.7,5.4,3.8,6625,8949,4113,7151,2405,6414,6477,0.2,0.2,41.64,0.2
E07000207,Elmbridge,1.3,1.6,0.8,1.2,0.3,3.9,2.3,2.7,1.5,6154,8709,3694,7080,2434,6604,6458,0.3,0.1,52.93,0.1
E07000208,Epsom and Ewell,0.7,1.1,0.6,0.8,0.2,2.5,1.4,1.8,1.1,6056,8808,3426,6946,2526,6540,6397,0.2,0.1,59.77,0.1
E07000209,Guildford,1.3,1.7,1.0,1.3,0.3,4.3,2.5,3.0,2.1,6440,8874,3869,7038,2379,6568,6528,0.2,0.1,53.15,0.1
E07000210,Mole Valley,0.7,1.0,0.6,0.8,0.2,2.5,1.3,1.7,1.2,6184,8811,3769,6936,2529,6356,6308,0.1,0.1,54.08,0.1
E07000211,Reigate and Banstead,1.6,2.2,1.2,1.7,0.3,5.4,3.0,4.1,2.5,6399,9108,3826,7251,2437,6818,6695,0.4,0.1,60.91,0.1
E07000212,Runnymede,0.9,1.2,0.6,0.9,0.2,2.9,1.8,2.1,1.3,6530,8809,3873,7089,2315,6670,6625,0.2,0.1,56.35,0.1
E07000213,Spelthorne,1.4,1.6,0.9,1.3,0.2,4.2,2.7,2.9,2.0,6219,8810,3736,6942,2364,6519,6573,0.3,0.1,61.59,0.1
E07000214,Surrey Heath,0.8,1.2,0.7,0.9,0.2,2.8,1.4,2.1,1.5,6219,8810,3736,6942,2364,6519,6439,0.2,0.1,57.11,0.1
E07000215,Tandridge,0.9,1.3,0.7,1.0,0.2,3.1,1.7,2.2,1.4,6107,8969,3838,7175,2466,6642,6483,0.2,0.1,59.88,0.1
E07000216,Waverley,1.0,1.4,0.9,1.2,0.3,3.6,1.9,2.4,1.8,6315,8567,3980,6853,2535,6356,6345,0.2,0.1,50.87,0.1
E07000217,Woking,1.1,1.8,0.9,1.1,0.3,4.1,2.2,3.5,1.9,6604,9337,4195,7643,2481,7146,6999,0.2,0.1,55.28,0.1
E07000218,North Warwickshire,0.8,1.4,0.9,1.1,0.4,3.4,1.5,2.4,1.8,6265,8893,3763,6939,2304,6292,6286,0.2,0.1,51.02,0.1
E07000219,Nuneaton and Bedworth,2.7,3.7,2.0,2.6,0.8,9.2,5.2,6.6,4.3,6430,9004,3775,7129,2241,6499,6479,0.6,0.3,53.63,0.2
E07000220,Rugby,1.3,2.5,1.4,1.8,0.6,5.8,2.6,4.2,2.8,6402,8788,3707,6960,2167,6322,6340,0.5,0.2,51.20,0.1
E07000221,Stratford-on-Avon,1.1,2.2,1.3,1.6,0.6,5.1,2.0,3.8,2.6,6244,8755,3823,6964,2423,6296,6285,0.4,0.2,49.21,0.2
E07000222,Warwick,1.3,2.3,1.3,1.8,0.6,5.5,2.5,3.9,2.7,6391,8778,3824,6982,2364,6335,6348,0.4,0.2,52.62,0.2
E07000223,Adur,1.0,1.5,0.9,1.0,0.4,3.7,1.9,2.6,1.8,6294,8776,4033,7023,2441,6395,6367,0.2,0.1,48.63,0.1
E07000224,Arun,2.1,3.7,2.0,2.5,1.1,8.9,3.9,6.3,4.2,6017,8539,3701,6807,2135,6081,6065,0.4,0.3,46.32,0.3
E07000225,Chichester,1.3,2.1,1.1,1.5,0.6,5.1,2.4,3.7,2.5,6084,8742,4048,7111,2464,6433,6345,0.3,0.2,51.55,0.1
E07000226,Crawley,2.2,3.3,1.6,2.1,0.5,7.6,4.2,6.2,3.5,6344,9105,3886,7367,2419,6945,6772,0.4,0.2,58.37,0.2
E07000227,Horsham,1.0,2.0,1.2,1.6,0.4,4.7,2.0,3.5,2.6,6191,8843,3708,6900,2392,6361,6323,0.3,0.1,49.55,0.1
E07000228,Mid Sussex,1.2,2.2,1.3,1.8,0.4,5.0,2.2,3.8,2.7,6137,8739,3840,6910,2402,6442,6371,0.3,0.1,50.23,0.1
E07000229,Worthing,1.5,2.6,1.4,1.8,0.6,6.1,2.8,4.4,3.0,6291,8673,3869,6972,2412,6366,6348,0.4,0.3,47.94,0.2
E07000234,Bromsgrove,1.0,1.6,0.9,1.3,0.5,4.0,1.8,2.8,1.9,6273,8738,3749,6919,2238,6180,6203,0.3,0.2,50.89,0.1
E07000235,Malvern Hills,0.9,1.4,0.8,0.9,0.5,3.6,1.8,2.4,1.7,6369,8705,3752,6823,2503,6065,6142,0.2,0.1,40.00,0.1
E07000236,Redditch,1.6,2.6,1.4,1.7,0.6,6.2,3.1,4.7,2.9,6462,9028,3919,7233,2209,6543,6522,0.4,0.3,46.48,0.2
E07000237,Worcester,1.8,2.7,1.4,1.7,0.6,6.6,3.5,4.9,2.9,6568,9011,3822,7229,2233,6564,6565,0.4,0.2,47.32,0.2
E07000238,Wychavon,1.4,2.3,1.6,1.6,0.6,6.0,2.7,4.1,3.3,6500,8757,3773,6724,2437,6133,6220,0.4,0.3,45.50,0.2
E07000239,Wyre Forest,1.7,2.6,1.5,1.6,0.8,6.6,3.3,4.7,2.9,6469,8909,3776,7069,2366,6330,6367,0.3,0.3,42.37,0.2
E07000240,St Albans,1.5,2.1,0.9,1.4,0.4,4.8,2.8,3.9,1.8,6377,9200,3669,7569,2451,7019,6823,0.3,0.1,57.45,0.1
E07000241,Welwyn Hatfield,1.8,2.2,1.3,1.7,0.4,5.7,3.3,4.0,2.6,6213,8933,3749,7071,2547,6586,6471,0.3,0.1,60.90,0.2
E07000242,East Hertfordshire,1.4,2.2,1.2,1.7,0.4,5.2,2.5,3.7,2.6,5982,8654,3674,6838,2376,6351,6255,0.3,0.1,54.56,0.1
E07000243,Stevenage,1.7,2.3,1.3,1.7,0.5,5.9,3.5,4.2,2.8,6768,9129,4083,7330,2273,6709,6727,0.4,0.1,56.68,0.2
E08000001,Bolton,6.9,11.4,4.1,6.0,3.0,25.4,13.8,22.8,8.4,6497,9728,3978,8205,2400,7255,7050,1.7,1.1,59.85,0.7
E08000002,Bury,3.5,6.4,2.5,3.9,1.7,14.2,6.9,12.8,5.3,6455,10071,3959,8336,2514,7396,7161,1.3,0.9,64.37,0.5
E08000003,Manchester,16.6,21.9,5.6,12.4,5.9,49.9,34.1,44.5,11.3,6724,9944,4049,8752,2320,7622,7324,2.9,1.1,70.30,1.2
E08000004,Oldham ,6.1,11.0,3.2,5.3,2.4,22.6,12.7,23.5,6.6,6820,10267,4083,8874,2420,7947,7644,1.5,0.7,58.54,0.5
E08000005,Rochdale,5.6,9.0,3.2,5.0,2.5,20.3,11.2,17.8,6.5,6594,9729,4066,8254,2382,7256,7073,1.4,0.8,59.67,0.5
E08000006,Salford,6.3,8.9,3.1,5.9,2.4,20.7,12.5,18.0,6.4,6550,10302,3924,8649,2170,7556,7250,1.7,1.2,74.01,0.6
E08000007,Stockport,4.5,7.2,3.5,5.3,2.1,17.4,8.6,12.7,7.0,6408,9021,3759,7315,2461,6512,6485,1.5,0.7,53.08,0.7
E08000008,Tameside,5.3,8.2,3.5,5.5,2.2,19.2,10.2,14.8,7.0,6293,9222,3724,7563,2423,6748,6622,1.8,0.9,59.35,0.6
E08000009,Trafford,3.2,5.6,2.6,4.0,1.5,12.9,6.2,10.2,5.2,6353,9291,3791,7564,2335,6757,6656,1.3,0.6,59.29,0.4
E08000010,Wigan,5.8,9.3,4.8,6.6,3.0,23.0,10.9,16.0,9.5,6241,8799,3719,7075,2334,6233,6235,1.7,1.0,49.66,0.9
E08000011,Knowsley ,4.9,5.5,1.9,4.5,2.0,14.3,9.2,9.3,3.7,6211,8975,3772,7654,2286,6496,6399,1.1,0.4,55.81,0.6
E08000012,Liverpool,14.0,15.0,4.7,11.4,5.9,39.6,25.9,25.5,9.3,6247,9073,3837,7819,2279,6540,6436,2.7,1.0,57.96,1.5
E08000013,St. Helens,4.1,4.9,2.4,3.6,1.5,12.8,7.7,8.3,4.7,6352,8837,3753,7174,2187,6326,6335,0.8,0.4,52.40,0.4
E08000014,Sefton,5.2,7.6,3.2,5.7,2.9,18.9,9.5,13.0,6.4,6248,8919,3743,7368,2250,6287,6277,1.4,0.7,51.12,0.6
E08000015,Wirral,7.2,9.1,3.8,6.8,3.3,23.4,13.8,16.0,7.8,6688,9159,4051,7662,2381,6600,6627,1.8,0.8,50.18,1.0
E08000016,Barnsley,5.9,7.4,3.8,4.8,2.8,19.8,11.0,12.7,7.5,6272,8634,3814,7013,2338,6091,6144,0.9,0.6,47.96,0.8
E08000017,Doncaster,7.3,10.3,4.7,6.5,3.6,26.0,14.3,18.4,9.4,6358,8983,3811,7369,2234,6368,6365,1.4,0.7,56.34,0.8
E08000018,Rotherham ,6.2,8.5,4.1,5.1,2.4,21.1,12.2,15.8,8.3,6557,9232,3941,7521,2335,6696,6655,0.9,0.6,49.73,0.6
E08000019,Sheffield,12.5,15.8,6.7,9.2,4.8,39.9,25.4,30.5,13.8,6812,9559,3978,7890,2294,6903,6875,1.9,1.2,52.10,1.1
E08000021,Newcastle upon Tyne,7.0,8.4,2.6,4.9,3.0,21.1,13.6,15.6,5.3,6480,9312,3896,8021,2339,6813,6702,0.9,0.4,53.24,0.7
E08000022,North Tyneside,3.8,5.6,2.5,4.2,2.2,14.1,7.0,9.3,4.8,6172,8661,3642,7127,2280,6093,6115,0.8,0.4,50.39,0.5
E08000023,South Tyneside,4.1,4.4,1.7,3.2,1.8,12.0,7.5,7.4,3.3,6067,8809,3673,7359,2260,6189,6147,0.6,0.2,55.15,0.4
E08000024,Sunderland,7.0,8.8,3.6,6.2,3.5,22.8,12.8,14.9,6.9,6112,8763,3804,7319,2353,6236,6198,1.1,0.5,49.56,1.0
E08000025,Birmingham,36.4,47.4,14.3,23.3,10.6,108.7,78.1,104.1,31.2,6992,10433,4339,9018,2398,8049,7696,6.5,2.2,70.19,2.1
E08000026,Coventry,8.3,11.3,4.7,7.1,2.5,26.8,16.7,21.8,9.7,6649,9493,3999,7889,2198,7113,6969,1.8,0.7,57.43,0.6
E08000027,Dudley ,6.9,8.7,4.8,5.1,2.4,22.9,13.7,16.5,9.8,6546,9256,3848,7348,2334,6581,6571,1.0,0.6,53.46,0.6
E08000028,Sandwell ,10.2,13.3,5.8,7.1,3.0,32.3,20.8,26.0,11.8,6567,9449,3880,7769,2218,7007,6868,1.7,0.8,64.41,0.6
E08000029,Solihull,3.5,4.5,2.2,3.7,1.1,11.4,6.6,8.1,4.6,6572,9294,3986,7567,2361,6819,6744,1.0,0.4,58.20,0.4
E08000030,Walsall,8.1,9.8,4.3,5.1,2.4,24.6,16.6,19.6,9.1,6641,9554,4114,7903,2364,7102,6950,1.1,0.6,57.67,0.5
E08000031,Wolverhampton,7.9,9.1,4.1,5.4,2.5,23.6,15.7,16.8,8.4,6415,9078,3961,7487,2148,6636,6562,1.0,0.5,56.96,0.4
E08000032,Bradford ,14.5,25.8,7.7,10.7,6.2,54.3,31.0,56.9,16.6,6878,10321,4225,8916,2496,7915,7638,2.6,1.5,61.28,1.1
E08000033,Calderdale,4.4,7.1,2.9,4.4,2.0,16.4,8.7,13.5,5.9,6421,9463,3855,7856,2403,6932,6795,1.3,0.7,52.88,0.4
E08000034,Kirklees ,8.7,16.0,6.0,8.3,4.3,35.0,17.3,31.9,12.6,6424,9652,3912,8078,2469,7165,6981,2.4,1.3,54.10,1.0
E08000035,Leeds ,16.5,23.1,9.3,15.3,6.2,55.1,32.5,43.5,19.0,6323,9357,3818,7767,2268,6888,6718,3.8,1.8,55.67,1.4
E08000036,Wakefield,7.2,10.1,5.2,6.8,2.8,25.3,13.6,18.0,10.5,6317,8907,3832,7182,2165,6418,6389,1.4,0.7,51.20,0.7
E08000037,Gateshead,4.3,5.7,2.3,3.9,2.1,14.5,7.9,10.6,4.6,6021,9525,3695,7826,2286,6680,6482,0.7,0.6,73.73,0.6
E09000001,City of London,0.0,0.0,0.0,0.0,0.0,0.1,0.1,0.1,0.0,5134,8843,2789,6542,2694,5629,5486,0.0,0.0,64.63,0.0
E09000002,Barking and Dagenham,7.5,9.9,3.4,6.3,1.3,22.0,15.0,19.8,7.4,6450,9895,4061,8412,2386,7880,7395,1.5,0.3,84.09,0.3
E09000003,Barnet,6.2,10.4,2.9,5.8,1.9,21.5,11.5,21.0,6.0,5999,9893,3866,8580,2458,7827,7296,1.2,0.6,79.00,0.3
E09000004,Bexley,4.7,5.5,2.6,4.5,0.9,13.7,9.2,10.1,5.6,6367,9402,3884,7612,2393,7110,6854,1.1,0.3,75.18,0.3
E09000005,Brent,7.5,13.1,3.8,7.1,2.0,26.4,14.3,27.0,7.7,6151,9913,3841,8541,2317,7885,7394,1.7,0.2,81.42,0.3
E09000006,Bromley,5.2,6.1,2.5,5.0,1.1,14.9,9.7,10.5,5.1,6268,9075,3742,7506,2449,6941,6707,1.3,0.3,66.11,0.3
E09000007,Camden,4.7,4.5,1.0,2.7,1.1,11.4,9.2,9.3,2.1,6370,10105,3818,8919,2561,7853,7238,0.6,0.1,71.26,0.3
E09000008,Croydon,9.2,13.1,4.2,9.7,1.9,28.4,17.5,24.2,8.5,6207,9591,3837,8199,2387,7631,7168,3.0,0.5,77.40,0.5
E09000009,Ealing,7.4,11.7,3.7,5.7,1.9,24.7,14.1,23.5,7.5,6129,9614,3747,8206,2271,7544,7122,1.2,0.3,77.83,0.3
E09000010,Enfield,9.9,14.6,3.3,8.8,2.0,29.7,18.8,28.8,6.5,6110,9848,3746,8729,2445,8097,7434,2.1,0.4,78.44,0.3
E09000011,Greenwich,7.5,8.4,3.1,6.3,1.3,20.4,14.5,16.1,6.8,6317,9707,4018,8157,2432,7558,7100,1.5,0.3,85.82,0.3
E09000012,Hackney,8.3,10.7,2.2,6.1,2.1,23.3,15.7,25.0,4.8,6143,11430,4186,10185,2484,9114,8057,1.5,1.0,101.47,0.3
E09000013,Hammersmith and Fulham,3.6,3.6,1.0,2.7,0.7,8.9,6.6,6.8,2.0,5946,9638,3874,8394,2505,7578,6918,0.6,0.1,73.42,0.2
E09000014,Haringey,7.0,10.4,2.2,6.5,2.5,22.1,12.9,20.6,4.2,5997,9908,3699,8825,2328,7756,7201,1.4,0.4,86.02,0.3
E09000015,Harrow,3.8,7.4,2.4,3.2,1.1,14.6,7.4,15.5,4.8,6283,9861,3814,8383,2430,7792,7403,0.6,0.2,68.28,0.2
E09000016,Havering,4.6,5.8,2.6,4.5,1.0,14.1,8.8,10.5,5.5,6217,9144,3766,7480,2408,6949,6709,1.0,0.2,64.66,0.3
E09000017,Hillingdon,5.8,8.3,3.3,4.9,1.0,18.4,11.4,16.7,6.8,6466,9744,3805,8056,2451,7608,7248,1.1,0.3,74.83,0.3
E09000018,Hounslow,5.7,8.0,3.2,4.3,1.3,18.2,11.2,15.6,6.5,6334,9393,3829,7819,2290,7259,6967,0.8,0.2,70.48,0.3
E09000019,Islington,6.0,5.2,1.3,3.8,1.2,13.7,11.1,10.0,2.5,6042,9743,3775,8563,2599,7638,6935,1.0,0.1,64.83,0.3
E09000020,Kensington and Chelsea,2.2,2.0,0.5,1.5,0.7,5.3,3.7,3.6,1.0,5682,9422,3585,8252,2653,7071,6509,0.3,0.0,69.57,0.2
E09000021,Kingston upon Thames,2.2,3.1,1.2,1.9,0.5,6.9,3.9,5.5,2.3,6011,9097,3718,7612,2522,7058,6730,0.4,0.1,62.42,0.1
E09000022,Lambeth,7.9,9.5,2.7,8.1,2.0,22.1,14.7,17.3,5.2,6113,9562,3692,8258,2340,7419,6954,2.3,0.3,77.44,0.4
E09000023,Lewisham,8.6,10.2,3.0,8.2,1.7,23.5,15.8,18.5,6.0,6137,9632,3739,8275,2427,7621,7079,2.5,0.4,81.37,0.4
E09000024,Merton,3.5,5.6,2.0,3.1,1.0,12.0,6.5,10.3,4.0,6098,9188,3768,7760,2365,7139,6837,0.8,0.2,73.81,0.2
E09000025,Newham,9.2,16.5,4.7,8.0,2.8,33.2,18.2,33.9,9.7,6328,9837,3908,8534,2410,7823,7408,1.7,0.3,87.10,0.4
E09000026,Redbridge,5.5,10.5,3.0,4.8,1.7,20.8,10.8,21.3,6.4,6246,9730,3793,8408,2531,7753,7355,1.0,0.3,81.52,0.3
E09000027,Richmond upon Thames,1.9,2.4,0.9,1.8,0.5,5.7,3.3,4.0,1.8,5766,8826,3581,7342,2360,6733,6408,0.4,0.1,60.35,0.1
E09000028,Southwark,8.4,9.2,2.8,8.0,1.6,21.9,15.6,16.8,5.8,6138,9631,3902,8271,2369,7587,7034,2.2,0.3,84.02,0.4
E09000029,Sutton,3.1,4.4,2.1,3.1,0.7,10.3,5.7,7.9,4.1,6167,8984,3684,7301,2422,6849,6643,0.8,0.2,62.78,0.2
E09000030,Tower Hamlets,8.9,10.9,2.4,3.4,1.3,23.5,18.2,25.2,5.3,6631,10545,4332,9433,2561,8815,7990,0.6,0.1,76.79,0.2
E09000031,Waltham Forest,6.8,10.4,3.3,5.9,2.0,22.4,13.2,19.9,6.5,6228,9469,3732,8100,2407,7371,7024,1.5,0.3,73.58,0.3
E09000032,Wandsworth,5.1,6.6,1.7,4.3,1.2,14.6,9.7,13.0,3.2,6230,9924,3727,8678,2527,7897,7310,1.1,0.2,76.31,0.3
E09000033,Westminster,4.3,3.8,0.8,2.4,0.8,9.7,8.0,7.5,1.6,6122,9689,3811,8670,2609,7761,7042,0.4,0.1,71.50,0.2
E10000002,Buckinghamshire,5.6,9.3,4.7,6.1,1.8,21.3,10.9,18.0,10.1,6428,9302,3965,7515,2486,6950,6814,1.3,0.5,58.55,0.4
E10000003,Cambridgeshire,7.8,11.4,7.3,8.2,2.6,29.1,15.2,20.3,15.4,6551,8741,3839,6827,2303,6278,6351,1.7,0.9,47.77,0.7
E10000006,Cumbria ,6.6,11.6,6.5,7.9,4.3,29.0,12.0,20.0,13.4,6001,8643,3686,6870,2444,6012,6010,1.4,1.2,39.45,1.2
E10000007,Derbyshire,12.1,18.3,11.1,12.3,5.9,47.3,23.0,31.6,22.7,6380,8694,3754,6825,2330,6076,6153,2.6,1.9,48.72,1.7
E10000008,Devon,9.2,18.6,11.5,11.5,7.1,46.4,17.4,33.3,24.0,6322,8896,3858,6970,2540,6128,6166,2.3,2.1,42.23,1.8
E10000009,Dorset,4.9,8.7,5.3,5.9,2.5,21.5,9.3,15.4,11.3,6357,8801,3889,6933,2633,6277,6295,1.1,0.8,41.00,0.9
E10000011,East Sussex,9.0,13.0,6.7,8.6,3.8,32.5,16.9,23.0,14.0,6275,8868,3929,7185,2386,6404,6369,1.7,1.2,44.35,1.0
E10000012,Essex,23.0,30.5,16.1,22.0,6.5,76.2,43.8,54.1,34.0,6341,8908,3828,7151,2312,6557,6492,4.1,1.7,52.16,1.9
E10000013,Gloucestershire,8.0,13.2,8.0,9.3,3.3,32.5,15.6,23.4,16.9,6344,8818,3772,6910,2359,6293,6305,2.0,1.3,46.38,0.9
E10000014,Hampshire,15.3,24.0,14.9,18.4,5.1,59.3,29.2,42.7,32.1,6385,8899,3831,6958,2429,6434,6421,3.8,2.0,50.64,1.9
E10000015,Hertfordshire ,15.9,22.8,11.5,16.7,4.3,54.4,30.3,40.7,23.8,6313,8949,3772,7217,2393,6682,6574,3.4,1.2,58.83,1.3
E10000016,Kent,26.7,35.7,17.7,24.3,8.9,89.2,51.8,64.0,37.0,6558,9026,3924,7335,2407,6634,6589,4.7,2.3,50.32,2.6
E10000017,Lancashire,20.0,36.1,16.2,22.2,11.3,83.6,38.7,67.5,32.9,6431,9316,3833,7619,2415,6692,6629,6.2,4.3,53.00,3.0
E10000018,Leicestershire,7.6,13.8,9.0,9.9,3.6,33.9,14.6,24.4,18.6,6441,8852,3776,6852,2237,6218,6268,2.4,1.7,49.59,1.0
E10000019,Lincolnshire ,12.0,20.0,11.1,12.7,6.6,49.8,23.4,35.3,22.9,6583,8829,3829,7040,2316,6211,6301,2.8,2.0,46.38,1.5
E10000020,Norfolk ,13.6,21.7,13.2,13.5,6.5,55.0,26.3,38.2,27.5,6505,8727,3860,6885,2338,6169,6252,2.3,1.6,42.85,1.6
E10000021,Northamptonshire ,11.8,19.8,11.0,14.2,4.2,46.9,23.4,35.9,23.3,6572,9056,3864,7202,2150,6592,6587,3.5,1.8,54.97,1.1
E10000023,North Yorkshire,6.2,12.9,7.7,8.7,4.4,31.2,11.5,22.4,15.9,6177,8775,3668,6861,2388,6076,6096,2.1,1.7,45.56,1.0
E10000024,Nottinghamshire,13.2,20.0,11.3,13.7,6.6,51.1,25.1,34.8,23.0,6454,8867,3843,7053,2284,6224,6283,3.1,1.9,50.43,2.0
E10000025,Oxfordshire ,7.4,10.8,7.0,8.3,2.1,27.3,14.6,19.7,15.5,6426,8970,3911,6986,2454,6515,6491,1.8,0.9,52.17,0.7
E10000027,Somerset ,7.6,13.0,8.5,8.7,4.4,33.4,14.5,23.2,18.2,6312,8867,3875,6896,2504,6154,6190,1.6,1.5,41.63,1.3
E10000028,Staffordshire,11.6,19.4,11.7,13.2,5.5,48.3,22.1,34.3,24.2,6324,8832,3848,6954,2342,6258,6274,3.2,2.1,48.60,1.5
E10000029,Suffolk,10.6,16.6,10.5,11.2,4.2,41.9,20.6,29.8,22.5,6475,8874,3880,6933,2360,6321,6360,2.0,1.2,44.85,1.2
E10000030,Surrey,11.7,16.1,8.8,12.3,2.7,39.3,22.2,28.6,18.4,6310,8898,3830,7105,2442,6638,6540,2.5,0.9,57.02,0.9
E10000031,Warwickshire,7.3,12.0,6.9,8.9,3.0,29.1,13.8,20.9,14.2,6371,8858,3778,7014,2295,6369,6370,2.1,1.1,51.80,0.8
E10000032,West Sussex,10.3,17.3,9.6,12.2,3.9,41.1,19.3,30.7,20.2,6192,8772,3847,7014,2345,6424,6366,2.3,1.3,50.27,1.1
E10000034,Worcestershire,8.5,13.2,7.7,8.9,3.6,33.0,16.3,23.6,15.7,6461,8884,3804,7022,2329,6331,6364,2.0,1.4,45.72,0.9
E11000001,Greater Manchester (Met County),63.9,98.9,36.0,59.9,26.8,225.5,127.1,193.1,73.3,6544,9704,3906,8156,2365,7197,7012,16.7,9.1,61.54,6.8
E11000002,Merseyside (Met County),35.4,42.1,16.0,32.0,15.6,109.1,66.2,72.1,32.0,6344,9024,3849,7599,2287,6475,6433,7.8,3.3,53.93,4.1
E11000003,South Yorkshire (Met County),32.0,42.0,19.2,25.5,13.6,106.8,62.8,77.3,39.0,6559,9188,3898,7527,2294,6577,6572,5.3,3.1,52.00,3.3
E11000004,Tyne and Wear (Met County),26.3,32.9,12.8,22.4,12.5,84.5,48.7,57.7,24.9,6197,9025,3754,7550,2312,6421,6351,4.0,2.1,56.19,3.2
E11000005,West Midlands (Met County),81.2,104.1,40.1,56.8,24.6,250.2,168.2,213.0,84.5,6757,9856,4093,8256,2319,7391,7182,14.1,5.8,63.58,5.1
E11000006,West Yorkshire (Met County),51.3,82.2,31.2,45.5,21.4,186.1,103.0,163.8,64.6,6505,9671,3943,8096,2374,7186,6998,11.5,6.1,55.78,4.6
E12000001,NORTH EAST,61.6,75.9,31.9,52.3,28.2,197.6,116.3,133.3,63.4,6300,8998,3802,7461,2325,6396,6366,9.6,5.1,53.73,7.2
E12000002,NORTH WEST ,149.2,226.2,92.0,146.6,69.7,537.1,289.3,420.8,186.9,6443,9361,3849,7767,2362,6795,6697,38.3,21.6,56.17,18.1
E12000003,YORKSHIRE AND THE HUMBER,111.8,168.4,74.3,100.1,49.8,404.3,220.2,318.7,152.3,6457,9313,3864,7645,2310,6736,6658,22.9,13.6,51.78,10.9
E12000004,EAST MIDLANDS,82.1,130.0,67.4,82.5,37.7,317.2,161.6,236.9,138.9,6544,9065,3856,7286,2281,6482,6498,18.8,11.3,53.22,9.5
E12000005,WEST MIDLANDS,125.7,174.4,80.3,103.2,44.4,424.9,254.2,339.2,167.4,6640,9484,3959,7743,2330,6940,6851,24.9,13.3,56.17,10.3
E12000006,EAST,95.6,140.9,75.4,94.9,31.6,343.5,185.4,256.0,159.1,6443,8998,3867,7209,2309,6585,6545,18.5,8.8,51.83,8.4
E12000007,LONDON,192.1,261.8,79.9,162.3,44.6,578.3,366.2,515.6,163.4,6207,9765,3838,8380,2426,7693,7199,39.5,8.6,78.27,8.9
E12000008,SOUTH EAST,125.3,183.0,96.4,128.6,40.8,445.5,241.0,331.7,204.0,6405,9017,3885,7246,2403,6630,6566,26.3,12.4,52.12,12.1
E12000009,SOUTH WEST,79.8,127.2,75.8,85.1,39.0,321.8,152.3,226.6,159.0,6356,8878,3844,6999,2470,6269,6291,17.3,12.7,45.19,11.5
E13000001,Inner London,84.1,103.1,26.4,65.8,19.7,233.3,159.4,207.4,53.6,6188,10012,3877,8762,2456,7931,7302,16.2,3.3,82.12,3.8
E13000002,Outer London,108.0,158.7,53.5,96.5,24.9,345.1,206.8,308.1,109.8,6222,9605,3818,8146,2402,7543,7129,23.3,5.3,75.65,5.1
E92000001,ENGLAND,1023.3,1487.6,673.3,955.6,385.8,3570.0,1986.5,2778.7,1394.4,6412,9279,3867,7593,2359,6800,6689,216.1,107.4,56.71,97.0
K02000001,UNITED KINGDOM,1240.0,1758.9,805.0,1151.0,480.3,4283.6,2386.4,3247.0,1665.0,6373,9223,3863,7541,2356,6723,6622,258.1,129.1,57.10,125.0
K03000001,GREAT BRITAIN,1187.9,1698.2,774.8,,459.1,4120.3,2287.2,3138.0,1598.8,6370,9220,3852,7538,2354,6726,6623,248.1,123.6,56.54,118.4
K04000001,ENGLAND AND WALES,1091.6,1573.1,715.6,1012.9,414.0,3794.2,2115.9,2930.7,1480.6,6407,9261,3866,7574,2362,6776,6670,226.8,114.5,56.53,105.0
N/A,Inner London – West,19.9,20.6,5.0,13.7,4.6,50.1,37.3,40.3,9.9,6127,9819,3768,8630,2566,7712,7082,3.1,0.4,73.35,1.1
N/A,Inner London – East,64.1,82.6,21.3,52.1,15.1,183.1,122.2,167.2,43.7,6206,10060,3902,8795,2423,7986,7363,13.1,2.9,84.06,2.7
N/A,Outer London – East and North East,46.6,65.1,21.3,41.1,10.2,143.2,90.2,126.5,44.6,6268,9657,3860,8227,2435,7616,7178,9.7,2.1,78.21,2.0
N/A,Outer London – South,23.1,32.3,11.9,22.7,5.1,72.5,43.3,58.4,24.0,6180,9294,3767,7800,2414,7241,6902,6.3,1.3,71.67,1.3
N/A,Outer London – West and North West,38.3,61.3,20.2,32.7,9.6,129.4,73.2,123.2,41.1,6191,9713,3804,8249,2360,7628,7203,7.2,1.9,75.65,1.8
N/A,Antrim,1.1,1.6,0.9,1.2,0.4,4.1,2.1,2.9,2.0,6540,9272,4196,7483,2377,6791,6722,0.3,0.2,70.12,0.2
N/A,Ards,1.7,2.0,1.2,1.3,0.6,5.5,3.1,3.5,2.6,6329,9075,4205,7240,2309,6460,6419,0.3,0.2,58.30,0.2
N/A,Armagh,1.4,1.9,1.2,1.0,0.7,5.2,2.7,3.7,2.8,6421,9272,4385,7416,2500,6524,6497,0.2,0.3,67.86,0.2
N/A,Ballymena,1.3,1.8,1.1,1.2,0.6,4.8,2.6,3.2,2.3,6626,8862,3884,7011,2145,6193,6313,0.2,0.2,68.70,0.2
N/A,Ballymoney,0.7,0.9,0.6,0.5,0.3,2.6,1.4,1.7,1.4,6387,9225,4283,7231,2367,6423,6413,0.1,0.1,63.59,0.1
N/A,Banbridge,0.9,1.4,0.9,0.8,0.5,3.6,1.8,2.5,2.0,6585,9280,4340,7339,2552,6511,6530,0.2,0.2,65.64,0.2
N/A,Belfast,10.8,10.1,2.7,8.7,3.3,26.9,20.2,17.0,5.3,6456,9303,3934,8160,2293,6965,6761,2.0,0.4,71.91,1.1
N/A,Carrickfergus,0.9,1.1,0.5,0.9,0.3,2.8,1.6,1.8,1.1,6335,9009,3781,7253,2260,6437,6405,0.2,0.1,66.16,0.1
N/A,Castlereagh,1.1,1.6,0.9,1.3,0.5,4.1,2.1,2.7,1.8,6528,8961,3882,7175,2268,6351,6399,0.3,0.2,62.93,0.2
N/A,Coleraine,1.5,1.8,0.9,1.1,0.7,4.8,2.7,3.2,1.9,6159,9174,4052,7445,2254,6412,6334,0.2,0.2,60.66,0.2
N/A,Cookstown,0.9,1.3,0.8,0.7,0.4,3.5,1.8,2.6,1.8,6530,9927,4348,7821,2875,6958,6843,0.2,0.2,80.28,0.2
N/A,Craigavon,2.5,3.3,2.0,2.2,0.9,8.7,4.9,5.9,4.3,6375,9032,4089,7195,2204,6475,6446,0.5,0.3,67.71,0.3
N/A,Derry 15,4.8,4.4,1.5,3.4,2.2,13.0,9.0,7.7,3.3,6225,9416,4006,8013,2422,6509,6403,0.7,0.3,78.41,0.6
N/A,Down,1.9,2.1,1.1,1.4,0.6,5.7,3.5,3.9,2.5,6614,9653,4341,7789,2432,6983,6862,0.4,0.3,73.83,0.2
N/A,Dungannon,1.5,2.1,1.4,1.2,0.6,5.6,2.9,4.0,3.1,6464,9289,4271,7300,2591,6558,6533,0.2,0.2,78.01,0.2
N/A,Fermanagh,1.4,1.9,1.2,0.9,0.9,5.3,2.8,3.7,2.7,6632,9764,4495,7737,2723,6577,6592,0.2,0.3,73.29,0.3
N/A,Larne,0.7,0.9,0.4,0.7,0.3,2.3,1.2,1.6,0.9,6567,9561,3776,7736,2298,6828,6752,0.2,0.1,76.83,0.1
N/A,Limavady,1.1,1.1,0.5,0.6,0.4,3.2,2.1,2.1,1.2,6223,9166,4363,7621,2424,6557,6440,0.1,0.1,74.47,0.1
N/A,Lisburn,3.2,3.8,1.8,3.0,1.0,9.7,6.2,6.7,3.8,6836,9511,4181,7818,2439,6998,6945,0.8,0.4,73.94,0.4
N/A,Magherafelt,0.9,1.3,1.0,0.6,0.5,3.6,1.8,2.6,2.4,6867,9704,4839,7625,2817,6752,6780,0.1,0.2,70.97,0.2
N/A,Moyle,0.5,0.5,0.3,0.3,0.2,1.4,0.9,1.0,0.6,6033,9342,4177,7500,2419,6492,6345,0.0,0.1,73.35,0.0
N/A,Newry and Mourne,3.1,3.4,1.8,1.7,1.1,9.4,6.2,6.7,4.3,6649,9485,4445,7711,2601,6818,6763,0.3,0.2,79.08,0.3
N/A,Newtownabbey,1.9,2.5,1.3,2.0,0.7,6.3,3.6,4.3,2.7,6584,9257,4119,7487,2447,6712,6674,0.5,0.2,67.59,0.3
N/A,North Down,1.3,1.8,1.0,1.4,0.6,4.7,2.5,3.0,2.1,6415,8894,3878,7111,2327,6296,6329,0.4,0.2,65.09,0.2
N/A,Omagh,1.3,1.5,1.0,0.6,0.6,4.5,2.6,3.1,2.3,6735,9713,4453,7688,2770,6683,6698,0.2,0.3,74.20,0.3
N/A,Strabane,1.5,1.5,0.7,0.9,0.7,4.4,2.9,2.6,1.5,6525,9292,4259,7705,2430,6381,6431,0.2,0.1,85.15,0.2
N92000002,NORTHERN IRELAND 14,49.9,57.6,28.6,39.4,19.6,155.7,95.3,103.8,62.6,6484,9324,4188,7620,2430,6659,6603,9.2,5.2,71.30,6.4
S12000005,Clackmannanshire,1.2,1.3,0.6,1.0,0.4,3.5,2.1,2.1,1.3,6032,8605,3622,6925,2092,6120,6091,0.2,0.1,55.30,0.1
S12000006,Dumfries & Galloway,2.4,3.5,2.2,2.3,1.6,9.7,4.2,6.1,4.6,6043,8766,3788,6846,2418,5901,5936,0.4,0.4,46.44,0.4
S12000008,East Ayrshire,2.8,3.2,1.5,2.4,1.3,8.8,5.0,5.2,2.9,5751,8476,3515,6912,2066,5850,5818,0.5,0.2,55.60,0.3
S12000010,East Lothian,1.5,2.3,1.3,1.7,0.6,5.8,2.8,3.8,2.6,5943,8505,3549,6722,2163,6031,6008,0.4,0.2,48.56,0.2
S12000011,East Renfrewshire,1.0,1.6,0.8,1.2,0.5,3.8,1.7,2.7,1.7,5908,8800,3820,7118,2521,6329,6222,0.3,0.1,56.17,0.2
S12000013,Eileanan an Iar 13,0.3,0.4,0.4,0.3,0.2,1.3,0.5,0.7,0.8,5894,8291,3874,6251,2717,5498,5583,0.0,0.1,42.64,0.1
S12000014,Falkirk,2.8,3.8,1.9,2.9,1.1,9.6,5.0,6.1,3.7,6140,8520,3716,6921,2143,6111,6119,0.6,0.2,55.86,0.4
S12000015,Fife,7.3,8.8,4.7,6.6,3.0,23.7,13.2,14.9,9.6,6047,8659,3786,6960,2189,6105,6087,1.3,0.7,56.68,0.8
S12000017,Highland,3.1,4.9,3.0,3.6,1.7,12.7,5.9,8.2,6.4,6276,8629,3758,6762,2428,6010,6076,0.8,0.4,49.33,0.5
S12000018,Inverclyde,2.0,2.2,0.9,1.9,1.0,6.0,3.2,3.5,1.7,5627,8486,3655,7117,2344,5943,5840,0.3,0.1,56.04,0.3
S12000019,Midlothian,1.6,2.2,1.2,1.7,0.6,5.6,3.0,3.7,2.4,6285,8762,3693,6977,2289,6317,6308,0.4,0.2,56.86,0.2
S12000020,Moray,1.2,1.8,1.2,1.4,0.8,4.9,2.1,2.9,2.6,5798,8598,3671,6642,2280,5742,5756,0.3,0.1,53.11,0.2
S12000021,North Ayrshire,3.6,3.8,1.6,2.9,1.5,10.5,6.3,6.1,3.2,5772,8693,3635,7183,2178,6094,5984,0.6,0.2,60.95,0.4
S12000023,Orkney Islands,0.2,0.3,0.3,0.2,0.2,1.0,0.3,0.6,0.7,6077,8737,4158,6516,2938,5756,5814,0.0,0.0,44.88,0.1
S12000024,Perth & Kinross,1.7,3.0,1.9,2.3,1.1,7.6,3.1,5.0,3.8,6152,8618,3633,6666,2294,5884,5944,0.5,0.4,56.61,0.3
S12000026,Scottish Borders ,1.5,2.5,1.6,1.6,1.0,6.6,2.7,4.2,3.3,6044,8544,3673,6627,2431,5808,5861,0.3,0.3,41.00,0.3
S12000027,Shetland Islands,0.2,0.3,0.2,0.3,0.1,0.7,0.3,0.5,0.5,5786,8545,3756,6272,2916,5914,5883,0.1,0.0,48.24,0.0
S12000028,South Ayrshire,2.0,2.6,1.2,2.0,1.0,6.8,3.3,4.4,2.3,5612,8617,3607,7076,2199,6067,5935,0.4,0.2,56.32,0.2
S12000029,South Lanarkshire,6.0,7.6,3.7,6.3,2.8,20.1,10.5,12.5,7.1,5889,8768,3638,7100,2260,6137,6063,1.4,0.6,59.09,0.9
S12000030,Stirling,1.2,1.7,0.9,1.3,0.6,4.3,2.1,2.8,1.8,5828,8414,3697,6817,2259,5984,5942,0.3,0.2,47.68,0.1
S12000033,Aberdeen City,2.6,3.4,1.6,3.0,1.0,8.7,4.5,5.2,3.0,5706,8312,3374,6732,2375,5979,5896,0.6,0.2,63.06,0.4
S12000034,Aberdeenshire,2.3,3.4,2.1,3.0,1.0,8.7,4.1,5.6,4.4,6019,8522,3564,6629,2577,6007,6010,0.6,0.2,54.24,0.4
S12000035,Argyll & Bute,1.1,1.7,1.1,1.3,0.7,4.6,2.0,2.9,2.2,5941,8677,3715,6774,2448,5874,5890,0.2,0.2,52.11,0.2
S12000036,Edinburgh,6.7,9.5,4.0,6.7,3.7,23.9,11.7,15.4,7.4,5831,8646,3493,7128,2290,6076,6008,1.7,0.9,56.77,1.0
S12000038,Renfrewshire,3.4,4.6,1.9,3.9,1.9,11.8,5.9,7.3,3.6,5934,8642,3540,7165,2355,6075,6035,1.0,0.3,56.53,0.7
S12000039,West Dunbartonshire,2.4,2.7,1.0,2.3,0.9,7.1,4.2,4.4,2.1,5942,8581,3858,7288,2150,6264,6156,0.5,0.2,58.18,0.3
S12000040,West Lothian,3.4,4.6,2.6,3.6,1.4,12.0,6.2,7.9,5.1,6061,8844,3677,6998,2328,6215,6172,0.7,0.3,61.23,0.6
S12000041,Angus,1.7,2.4,1.4,1.9,0.8,6.3,3.1,4.1,2.9,6146,8721,3939,6973,2157,6161,6157,0.4,0.2,56.19,0.2
S12000042,Dundee City,3.5,4.2,1.7,3.2,1.3,10.8,6.1,7.0,3.4,6136,9018,3731,7466,2199,6496,6380,0.9,0.4,69.56,0.4
S12000044,North Lanarkshire,7.7,9.4,4.5,7.8,3.1,24.8,13.9,15.4,8.9,5947,8633,3677,7022,2239,6147,6084,1.4,0.5,61.31,1.0
S12000045,East Dunbartonshire,1.1,1.7,0.9,1.5,0.5,4.3,2.0,2.8,1.9,5900,8678,3778,6960,2324,6244,6153,0.4,0.1,56.75,0.2
S12000046,Glasgow City,17.2,19.8,5.4,14.8,7.8,50.2,30.2,33.5,10.2,5911,9011,3708,7868,2234,6542,6326,3.8,1.0,57.24,2.1
S92000003,SCOTLAND,96.4,125.2,59.3,96.9,45.1,326.0,171.2,207.4,118.2,5945,8705,3675,7088,2277,6143,6084,21.3,9.2,56.74,13.4
W06000001,Isle of Anglesey / Ynys Môn,1.3,1.9,1.1,1.3,0.7,5.0,2.6,3.4,2.2,6298,9105,3886,7247,2478,6281,6286,0.3,0.2,56.18,0.2
W06000002,Gwynedd / Gwynedd,1.8,3.2,1.8,1.9,1.4,8.2,3.6,5.8,4.0,6432,9033,4055,7202,2426,6180,6235,0.4,0.4,54.15,0.2
W06000003,Conwy / Conwy,2.1,3.3,1.6,2.2,1.4,8.4,4.1,6.0,3.2,6516,9205,3879,7504,2391,6396,6427,0.6,0.4,52.04,0.3
W06000004,Denbighshire / Sir Ddinbych,2.1,2.8,1.3,1.8,1.0,7.2,4.2,5.1,2.8,6862,9328,4032,7629,2456,6636,6702,0.5,0.4,52.83,0.3
W06000005,Flintshire / Sir y Fflint,2.7,3.9,2.2,2.8,1.2,9.9,5.2,6.6,4.7,6518,8731,3756,6910,2366,6185,6276,0.6,0.4,49.11,0.4
W06000006,Wrexham / Wrecsam,2.9,4.0,2.1,2.8,1.2,10.2,5.5,6.9,4.4,6515,8880,3934,7146,2273,6348,6395,0.6,0.4,48.25,0.4
W06000008,Ceredigion / Ceredigion,1.0,1.8,1.0,1.0,1.1,5.0,1.8,3.3,2.2,6228,9047,3884,7166,2913,5938,5996,0.2,0.2,47.51,0.3
W06000009,Pembrokeshire / Sir Benfro,2.3,3.6,1.8,2.1,1.6,9.3,4.4,6.7,3.7,6514,9144,4025,7460,2601,6363,6400,0.4,0.4,49.06,0.4
W06000010,Carmarthenshire / Sir Gaerfyrddin,3.6,5.2,2.7,3.2,2.2,13.7,6.9,9.3,5.5,6360,8972,3842,7218,2647,6215,6254,0.5,0.5,51.94,0.6
W06000011,Swansea / Abertawe,5.3,6.4,3.0,4.4,2.1,16.9,9.8,11.4,6.0,6283,8867,3810,7256,2324,6354,6332,0.7,0.5,53.81,0.7
W06000012,Neath Port Talbot / Castell-nedd Port Talbot,3.8,3.7,1.9,2.8,1.3,10.7,6.9,6.4,3.7,6217,8828,3867,7159,2365,6259,6244,0.4,0.2,53.97,0.5
W06000013,Bridgend / Pen-y-bont ar Ogwr,3.5,3.9,1.9,2.8,1.1,10.3,6.5,6.6,3.8,6270,8735,3805,7115,2313,6332,6311,0.4,0.3,50.81,0.4
W06000014,The Vale of Glamorgan / Bro Morgannwg,2.4,3.2,1.5,2.4,0.8,7.9,4.4,5.6,3.1,6205,8849,3855,7259,2335,6537,6438,0.5,0.3,58.91,0.2
W06000015,Cardiff / Caerdydd,8.7,9.8,3.4,6.3,2.4,24.4,17.3,19.0,7.0,6492,9533,3901,8079,2250,7171,6928,1.2,0.5,59.57,0.6
W06000016,Rhondda Cynon Taf / Rhondda Cynon Taf,6.7,6.8,3.4,4.9,2.0,18.9,12.5,11.5,6.6,6217,8620,3715,6982,2244,6191,6200,0.7,0.3,56.00,0.7
W06000018,Caerphilly / Caerffili,4.8,5.2,2.9,3.6,1.5,14.4,8.9,8.9,5.9,6178,8666,3824,6906,2289,6200,6193,0.6,0.3,51.61,0.5
W06000019,Blaenau Gwent / Blaenau Gwent,2.1,2.1,1.0,1.4,0.6,5.9,3.9,3.5,2.0,5951,8381,3633,6806,2306,6078,6032,0.2,0.1,61.94,0.2
W06000020,Torfaen / Tor-faen,2.4,2.7,1.4,1.9,0.7,7.2,4.4,4.7,2.9,6072,8872,3716,7078,2153,6386,6281,0.4,0.2,56.57,0.2
W06000021,Monmouthshire / Sir Fynwy,1.2,1.8,1.0,1.2,0.5,4.5,2.2,3.1,2.1,6266,8734,3846,6978,2562,6243,6249,0.2,0.2,50.47,0.1
W06000022,Newport / Casnewydd,4.1,4.8,2.1,3.2,1.2,12.1,8.0,8.8,4.1,6323,9172,3747,7540,2282,6777,6622,0.6,0.3,56.29,0.3
W06000023,Powys / Powys,1.6,3.3,2.1,1.8,1.6,8.6,3.0,6.0,4.5,6263,8783,3948,6915,2568,5932,5994,0.3,0.4,43.91,0.3
W06000024,Merthyr Tydfil / Merthyr Tudful,1.8,2.0,0.9,1.5,0.6,5.4,3.3,3.4,1.8,6125,8490,3768,7003,2143,6187,6166,0.2,0.1,52.52,0.2
W92000004,WALES,68.3,85.3,42.3,57.3,28.2,224.1,129.4,151.9,86.3,6328,8950,3849,7261,2401,6381,6365,10.7,7.1,53.21,8.0
